time,position_x,position_y,position_z,roll,pitch,yaw
1666750469.10001,5.907640259946514e-05,-9.958004847273221e-07,0.008532278747788898,0.0,0.0,0.0
1666750469.133551,5.90829170761325e-05,-9.957800497838487e-07,0.008528426931803118,0.0,0.0,0.0
1666750469.1681242,5.908877888134186e-05,-9.958097858195343e-07,0.008534535200763133,0.0,0.0,0.0
1666750469.201933,5.907270646522215e-05,-9.956991422640413e-07,0.00852880444552548,0.0,0.0,0.0
1666750469.236196,5.905939664992501e-05,-9.958279071031982e-07,0.008532642565905087,0.0,0.0,0.0
1666750469.269575,5.9049153160841686e-05,-9.957930072764362e-07,0.008530550046741081,0.0,0.0,0.0
1666750469.303668,0.0012366512277355126,-1.0572708483492994e-06,0.008541830446907981,0.005656330556454446,0.3284178831948383,7.370457056989184e-05
1666750469.3379712,0.003570267228828025,-1.7408718077554744e-06,0.008549242294651265,0.005665037178583318,0.32301500330381844,-0.007367690047124494
1666750469.3727198,0.007059115460187083,-3.994520153255466e-06,0.008558385880830912,0.005703398440331505,0.3128812823541196,-0.028241067870119815
1666750469.406601,0.011703216304741972,-7.9256640926967e-06,0.008558848803735367,0.005756505406440895,0.29941606262103326,-0.044078964940113485
1666750469.4405167,0.017502915900646197,-1.4110311715581782e-05,0.008559035413797222,0.005805925163176828,0.2829174130481441,-0.05378912710791993
1666750469.4756954,0.02429948034531296,-2.274440882379407e-05,0.008559164334953458,0.00585610204088464,0.2633971633307356,-0.06778801774160581
1666750469.5093079,0.031090001144562153,-2.468101089430307e-05,0.008558970130649098,0.005897995953947801,0.24159504143429247,-0.07664161954911257
1666750469.5436487,0.037870527377346336,1.6922066171440802e-05,0.008558789267807718,0.005592626963326763,0.22204758125603208,0.11227949780171502
1666750469.5780332,0.04465469712185952,0.00011406022066479014,0.008558607075256443,0.004500781491799479,0.20474433393649383,0.6187676828182958
1666750469.612238,0.05144344318271471,0.00024516147490633125,0.008558423020169488,0.0033277016697488095,0.1896897735631806,0.9925818115347469
1666750469.6459198,0.05822854428083447,0.0004089325174063354,0.00855824855884734,0.002457447906352243,0.17686287390748578,1.2257335577555506
1666750469.6806273,0.06501100895265828,0.0006173732456153366,0.008558081063407774,0.0017059633655844906,0.16625364456605077,1.5660586349333299
1666750469.7150147,0.07178561660377969,0.0008782555736968389,0.00855790107448292,0.0010687866050264037,0.15785295959885048,1.9570664711550763
1666750469.7491903,0.07854080355405382,0.001238451718561098,0.008557744980658978,0.0005283197589791095,0.1516573073451091,2.5491431433689473
1666750469.7826996,0.08529266835898013,0.0017216351910666634,0.008557588454308498,-0.00020719464997941432,0.1477019978744372,3.615661972781015
1666750469.8165805,0.09204495959381932,0.002298044537070079,0.008557434811919703,-0.0008290513704692183,0.14594836912552178,4.535999192304547
1666750469.8509016,0.09878544034640595,0.0029622377365820644,0.008557303283661465,-0.0009211228415440991,0.14633170491720762,5.235117398185264
1666750469.8856044,0.1055120621782276,0.0037312572723821116,0.008557180054652511,-0.0005372862552192342,0.14884695198241246,6.069897235849904
1666750469.9192336,0.11221274689643006,0.004618372947372563,0.008557035939372373,0.0002784625993505613,0.1534819902725453,6.992045530388246
1666750469.9541771,0.1188541633940644,0.005704025554991595,0.008556923162786478,0.0012881586688516954,0.16022730410221173,8.266145388296321
1666750469.988522,0.12544445113597022,0.0070591446458151815,0.008556821837640248,0.001969013237989546,0.16913851187137674,10.482180791096997
1666750470.0226617,0.13200050542510913,0.008642195328683523,0.00855670309683516,0.003768860317864554,0.18014149883010813,12.719920621480046
1666750470.0571191,0.13850323859980598,0.010422158718990722,0.00855660348092262,0.0073057104741349205,0.19314169645594628,14.446374552448162
1666750470.0915697,0.14493267849184957,0.012423996297817564,0.008556522534630068,0.012226118026041408,0.20796429568638788,16.29263351865381
1666750470.1258507,0.15129027882856685,0.014655743642129054,0.008556444273007831,0.01843539015047005,0.22455592331344634,18.3878315733402
1666750470.160315,0.15757438988885233,0.01709802957990575,0.008556378783313393,0.026376210908501858,0.24285237483191544,20.354637481180013
1666750470.1952767,0.16377173419937682,0.019745653080009536,0.008556334766272157,0.03610897301144422,0.2626455035427362,22.216433894644265
1666750470.2290344,0.16987287743119456,0.022605927804998243,0.008556299970423679,0.04737047860051234,0.2837187735230573,24.174760835640065
1666750470.2636595,0.1758746725303681,0.025674041200392177,0.00853346552680209,0.060137083585291636,0.30599129304774403,26.16689112227152
1666750470.2971132,0.18177059452263708,0.02894117705855463,0.008506349892293938,0.07430821770159848,0.32865167211430557,28.09594734250758
1666750470.3310053,0.1875557466414698,0.032403524750891956,0.008486771363726841,0.08953017303887051,0.34880064303054287,30.02168351608638
1666750470.3654573,0.19323806012398795,0.03604271167544281,0.008472500657713893,0.10562770613812558,0.3643130794980784,31.871509134235485
1666750470.3998952,0.19881092857804455,0.03984208616759124,0.008467386696704998,0.12231002755322647,0.3737615010631358,33.51345255573068
1666750470.4340944,0.20426053113823023,0.043808388869644665,0.008473473117896155,0.13897746445985917,0.3757406731261242,35.2159696777214
1666750470.468106,0.20958453932258955,0.047943141083295164,0.008487245005894742,0.15543329945933226,0.37023742720565384,37.01965979268061
1666750470.5018375,0.21478060037385655,0.05223620563836958,0.008512584753312475,0.17154235127546963,0.35889372344089177,38.76346370156909
1666750470.5365298,0.21983471236440602,0.0566887158354245,0.008531083679718504,0.18702006849926375,0.3431385538900041,40.511831587676554
1666750470.5707364,0.22474034056107436,0.06130536792261274,0.008554285896044565,0.2016617260049389,0.3245979491473284,42.3862468941474
1666750470.6048176,0.22949857819409206,0.06607730211850506,0.008558656698240132,0.2153830147731446,0.30606495301508607,44.24010631502799
1666750470.6394522,0.23410430839141977,0.07099584310806284,0.008558624265658536,0.22812265638735996,0.28888927755463456,46.02843853430135
1666750470.6727285,0.23854934657954438,0.07605910416285057,0.00855849879237477,0.23983151635738367,0.27286555998170076,47.84502148812334
1666750470.7068458,0.24284753780050267,0.08126471465839609,0.008558200797800293,0.25055258346542975,0.2579762938074942,49.69103609784244
1666750470.7415335,0.24705016393103246,0.08656925433151612,0.008557644257408141,0.26068586341995614,0.2460759875881057,51.150295483978155
1666750470.775601,0.2513141179155282,0.09186840933947377,0.008549871526297484,0.27110712946972054,0.24107818298566286,51.509269969218884
1666750470.8096445,0.25567227819041416,0.0971187664800205,0.00854294285621359,0.2812158791289189,0.24343384214179378,50.907380094038366
1666750470.8441784,0.26026608168470394,0.10235210081760991,0.008543504397032114,0.2890601806188034,0.25229122261809483,49.65148829616095
1666750470.8784673,0.26517114783549994,0.10751509688193012,0.00854371037044635,0.29350302680191087,0.2682040628298096,47.64140990008227
1666750470.9134626,0.2702217344527605,0.11245962918620755,0.00854182425728207,0.29327634521114626,0.28916801164584643,45.263168713446646
1666750470.9473925,0.27510580921832806,0.11710703375962757,0.008537690676665778,0.2875662287634917,0.30936594053249294,43.71458691595974
1666750470.9814599,0.2799926359920128,0.12180029327717057,0.008514947378353017,0.27822867273998264,0.32608695620123285,43.55843279289228
1666750471.0160317,0.2848188596905183,0.12655483268400522,0.008512870493273919,0.26808395679109487,0.3382672778409522,44.16318519262103
1666750471.0500867,0.2895822823109162,0.131377305775294,0.00849982285319527,0.25812716418656073,0.3470961122410418,44.98976342056746
1666750471.0836992,0.2942904823373965,0.1362549855766392,0.008495447346041159,0.24848701772950363,0.353098542315666,45.6949277876146
1666750471.117595,0.2989624277695222,0.14118719298757743,0.008499015688929072,0.2389995535803674,0.35541356878969826,46.34047558772464
1666750471.1525397,0.303666037503947,0.14611906740199357,0.008492330180972263,0.2297352650564179,0.35541207048786977,46.57839993511328
1666750471.1873844,0.308389305984881,0.15101104510769098,0.00850864871040771,0.220554552016538,0.35446543098084465,46.065941766208596
1666750471.2222404,0.3130879654979268,0.15591131160602642,0.00851460672747036,0.210805545082577,0.348344724545296,46.040537690100834
1666750471.2555752,0.3177819564887869,0.16083136373223736,0.008533782273318,0.20082131000801942,0.33840406438036846,46.33298437178589
1666750471.2903602,0.3224905996024744,0.16574156351145508,0.00854449025158219,0.19128868444781447,0.328494526174098,46.27186215276935
1666750471.3246639,0.3272028313130394,0.17064327063375842,0.008556765591128428,0.18204540916405726,0.31899359533738986,46.12527267558456
1666750471.3587456,0.331928123397908,0.17554112213146403,0.008557960925213241,0.17294088699603768,0.3104483497567496,46.09961392172789
1666750471.392953,0.3366766939748399,0.1804194234888701,0.008557798846888055,0.16440443803954505,0.30487741275199726,45.89211351264297
1666750471.427313,0.34144049095443824,0.18527827523718057,0.008557654822144716,0.1562820693005556,0.30194730296473216,45.63261858946775
1666750471.4616168,0.34621585447944414,0.19012630551533655,0.008557514147842756,0.1483505791385879,0.3010987858648564,45.48708841408038
1666750471.4956005,0.35100806128718726,0.1949611428540098,0.00855737395242145,0.14071196342773143,0.3025530288543043,45.34160063707711
1666750471.5294807,0.35580642301719523,0.19977930620610038,0.008550311429434463,0.13341782662348667,0.30648961414415504,45.132979595130166
1666750471.5638216,0.36056913756403913,0.2046113667562135,0.008541985230916477,0.12629821554112097,0.3120637377829758,45.17909984116625
1666750471.5983994,0.36529623711512793,0.20948608603825267,0.00853791637176777,0.11932344909912415,0.3178349305401945,45.68454897103384
1666750471.6323643,0.3700110378390962,0.21438244275139348,0.00852855462413992,0.11285889191823278,0.3243569154761662,46.01442295530898
1666750471.666617,0.3747072600004364,0.2192890614936678,0.008525375853129817,0.10690016526348779,0.3310058553640749,46.13580459697999
1666750471.700843,0.3793732740815492,0.22422075715961684,0.008517596316794482,0.10125620201741113,0.3363617456941689,46.40752613685758
1666750471.7351153,0.3840378349713045,0.22918090410105982,0.008509981418117088,0.09595845525844375,0.3398737321812683,46.75690486774674
1666750471.7709026,0.3887842266628574,0.2341022931180326,0.00851407812250972,0.09143053810472608,0.3422632793640934,46.54588772337067
1666750471.8052368,0.3936288117556175,0.2389208993369038,0.008508148502402856,0.08765055256430493,0.3440573020042492,45.3753262060038
1666750471.8405778,0.39852309803272623,0.24366594814094672,0.008515577523184178,0.08328928464975131,0.3433437633681241,44.36967090583266
1666750471.8753405,0.403469303576654,0.24836572895481315,0.008522893177198813,0.07836032004059125,0.34003255431065493,43.8490677204987
1666750471.909253,0.40849169533034146,0.2529943542516589,0.008524054662771707,0.07376874653003837,0.3354685432647873,43.11460569327908
1666750471.944321,0.4135589998143063,0.257543600665066,0.008535211373021993,0.06941882819211066,0.33027545342070425,42.16581956014601
1666750471.979607,0.41857560906469443,0.26208849542490165,0.008542200417056181,0.06443448358806614,0.32425250279491535,41.82290571291132
1666750472.014694,0.4234605922035178,0.26673439225629914,0.008554626144529133,0.05813477007969276,0.31757379722321766,42.762556841926035
1666750472.0492694,0.4281786864259765,0.27153632209649436,0.008557813204758704,0.05141174668250997,0.3120993478558529,44.52061710919441
1666750472.0833652,0.4327248966552286,0.27650493240214297,0.008557668757937686,0.04499772651972333,0.3093066293300827,46.567137844618735
1666750472.1174662,0.4371258114782168,0.28162665856773167,0.008552653205573765,0.03915502958504291,0.3096401431215412,48.54845815589423
1666750472.1525657,0.4414724338381307,0.2868455618758568,0.008543292763694192,0.034086469145289774,0.3130393356622277,49.982852899443316
1666750472.1862657,0.44585660979741987,0.2920712264018404,0.00853860635774954,0.030518983977640014,0.3186279502727044,50.241123943647814
1666750472.2202778,0.45032837903621425,0.29724098112306396,0.008526094861464693,0.028182881417634555,0.3255175396319014,49.61491149183054
1666750472.2545125,0.454898394581665,0.30232539413211623,0.008517396290958644,0.026188652285366824,0.3324435081705555,48.57320282338336
1666750472.2893236,0.4595516619322355,0.3073257297708896,0.00851254465708951,0.024053237867636978,0.33841195156340304,47.49795215258384
1666750472.3242002,0.46426960460189,0.312252897209838,0.008508817303080658,0.021673757690628067,0.3425737717294455,46.59543211459028
1666750472.359107,0.46901465297145084,0.3171353838441457,0.00851341730939675,0.01906256384104848,0.34444974788783295,45.944615625828376
1666750472.3936026,0.47378646254727164,0.3219971532431208,0.008514032280730425,0.01624660091219733,0.34394552471671724,45.697985780945906
1666750472.4276848,0.47860510947681933,0.3268210456728171,0.00851917771508539,0.01384194344589054,0.3412632326832398,45.302105011336934
1666750472.4611971,0.4834656841660277,0.3315964486357147,0.008521714456320344,0.01186832861032524,0.33701048010327167,44.722324445580966
1666750472.4965014,0.48835763987495506,0.3363362860975557,0.008537045730838978,0.009929160841080628,0.33160104545378377,44.27224313946094
1666750472.5311496,0.4932643702845862,0.34104403521838544,0.008544157670020964,0.008013310903571939,0.3259542378517855,43.89087259100282
1666750472.5656776,0.49811226008720866,0.3457671762791029,0.008547637603757824,0.005861968609370836,0.3207451659192292,43.864007711348506
1666750472.6003633,0.5028635233808055,0.3505821167863441,0.00854382716131419,0.002937107155613011,0.3167653550939346,44.8242223370578
1666750472.6344826,0.5075606223000538,0.3554744060267987,0.008552177191497179,-2.4062988863604517e-05,0.31455643364567726,45.88692502003958
1666750472.6685505,0.512213639366964,0.36040663191826483,0.00854378189522907,-0.0027815061942162737,0.3142957517927808,46.40547308695158
1666750472.7025404,0.5167954144118149,0.36539296522947107,0.008541247329132678,-0.005319798249152848,0.3158004314926091,47.005058452154955
1666750472.7367864,0.521326509636338,0.3704496006390161,0.008536190332706058,-0.007765267867925161,0.31890640715373875,47.88355461681557
1666750472.7706776,0.5259120167262286,0.3755147838110059,0.008534698290415692,-0.009446304347596378,0.32292444977755885,48.214366533791384
1666750472.805148,0.5306252894719883,0.3804809219236122,0.008526247568550874,-0.00964298157312352,0.3271334437122335,47.206629430889095
1666750472.840364,0.5354188023190575,0.38534029688235294,0.008525115646829007,-0.009710033720612162,0.33099855614712725,45.79516878485587
1666750472.8744514,0.5402646052424661,0.3901441254553215,0.00852169781780027,-0.010407198872936053,0.33447596270929375,45.05668629856369
1666750472.9085763,0.5451932901011468,0.3948804951154518,0.008520185379989045,-0.0108719846882047,0.3368364666405375,44.35647906574634
1666750472.942461,0.550186226850542,0.3995218207478164,0.008517132877855464,-0.010832451748075936,0.33789862578803614,43.2710447471394
1666750472.977096,0.5551319257706127,0.4041446359422455,0.008525109017348747,-0.011541845297420862,0.33768337952244953,42.73499478780683
1666750473.0116897,0.5599473696117856,0.4088673338961346,0.008518279825665366,-0.013858974026456264,0.336692991451397,43.67221348395277
1666750473.045683,0.5646267717986402,0.41373018618400054,0.008526405380011225,-0.016203235583617446,0.334824220003939,45.33205842620803
1666750473.0800004,0.5691947266752247,0.4187099659485677,0.008528179969213436,-0.017666275199347378,0.33222105107599914,46.859995862452614
1666750473.1143384,0.5736453763486594,0.4237892548657913,0.008537054281592604,-0.018507297945043844,0.3291933456652825,48.120213120225955
1666750473.1485596,0.5779829692447662,0.4289799808722317,0.008533296195294061,-0.019142792218235012,0.3264040315123613,49.520974976326535
1666750473.1820555,0.5823052023908478,0.4342387851144046,0.008542031833505699,-0.01927068347602171,0.3238975037899164,50.59374044818359
1666750473.2166536,0.5867206606335945,0.4394617077010368,0.008545192511266432,-0.018023883174794506,0.3216527123506044,50.32626266131689
1666750473.2503355,0.5912803218235795,0.4445826571789836,0.008545059510092146,-0.015931946154841534,0.3199840045843065,49.10021233233012
1666750473.2845812,0.5960224354706584,0.44955310349154926,0.008540124173223005,-0.013671026405747813,0.31935752232424797,47.36577565936514
1666750473.3181303,0.6009335536205344,0.4543462157998067,0.008535482367621458,-0.011617411700414512,0.3198467725660255,45.23924876809212
1666750473.351806,0.6059646189788596,0.45898334444431743,0.008535341028294069,-0.010250618063828501,0.32146720904385584,43.35856008412356
1666750473.386672,0.6110320575936977,0.4635297700245206,0.00853684375313437,-0.009729234696159862,0.3239965016055477,42.083911857047084
1666750473.4207206,0.6160593289072438,0.4680769095609215,0.008525426524928123,-0.010620706853592739,0.32716362432425605,41.873362517204164
1666750473.4550226,0.620989327948946,0.4726957309511397,0.008528698020614593,-0.01286629565551921,0.3303768824672107,42.544878342513584
1666750473.4896002,0.6257651754042528,0.4774421600725787,0.008517057650834521,-0.01560109615141846,0.33344922657177894,43.90086267395888
1666750473.5246239,0.630353768789109,0.4823622540520587,0.008523211540126191,-0.01804366260655871,0.33583641548235876,45.929712890234114
1666750473.5587153,0.6347879299816062,0.48745069821355796,0.00852327896875079,-0.019244595462387132,0.33726537915033816,48.11322402921682
1666750473.593003,0.6391287337453009,0.492641910139209,0.008520780781380542,-0.0188649057473513,0.3372224564321162,49.63599751735491
1666750473.62814,0.6433589515218663,0.4979074773797708,0.008521459937252127,-0.017654557624850967,0.3357394099991226,50.606934599035554
1666750473.6625044,0.6474421148844864,0.5032787333500185,0.008529224509171002,-0.016337534012121086,0.333494087116672,51.99270093624049
1666750473.6974106,0.6513926798373887,0.508759267152904,0.008526907684192283,-0.014768261654462022,0.3308633235473439,53.57394976532117
1666750473.732402,0.6552235160146963,0.5143260944823883,0.008537905125737948,-0.012537812609834399,0.32773847749185464,54.875425342903135
1666750473.7676122,0.6589410415249762,0.5199809326160957,0.00854277179347512,-0.009634280544498894,0.32476078439941214,56.141073812279544
1666750473.801461,0.6626390470768135,0.5256975574846309,0.008539540940824585,-0.005736829718492008,0.32216247202083664,57.12360063440605
1666750473.8364975,0.6664389575080462,0.5313870776842637,0.008541314674006734,-8.50051401588412e-05,0.3202082918197001,56.83532439099169
1666750473.8718092,0.6704024901438584,0.5369861076996486,0.008543295266155278,0.006249778186985872,0.31934310216601874,55.53987554607204
1666750473.905467,0.6745705449040407,0.5424495328762429,0.008540768758808132,0.012365376785193196,0.3197915392020781,53.71470051700867
1666750473.9403505,0.6789098294471081,0.5477490444178866,0.00853372676249153,0.017781145359193302,0.3214809103644403,51.52594231610578
1666750473.9746704,0.683302282932086,0.5529528229170199,0.008536574378634667,0.021581952130314337,0.32374383592836137,50.03412386499109
1666750474.0077424,0.6877047782720277,0.5581463910805985,0.00853054105178094,0.023984663102306923,0.3261930092145573,49.783349447779514
1666750474.0420926,0.6921724732101432,0.5633110145962053,0.008525006037658439,0.02627102652352972,0.3288959633950276,49.53504243306344
1666750474.0761297,0.6967163894721301,0.5684029482207862,0.008527861339842102,0.02895364786161798,0.33168512288401886,48.64803774451533
1666750474.1100383,0.7013011480422007,0.5734440011634858,0.008520110608067216,0.03114693358202308,0.3338236047450675,47.92008251457423
1666750474.1456125,0.7059071511754107,0.578450935811898,0.00852735114409741,0.03266944926966672,0.33498447995736513,47.50405972688112
1666750474.178993,0.7104545060886182,0.5834605724928885,0.008519041333118978,0.033523177170445145,0.33516448069490073,47.38976984763572
1666750474.2129464,0.7148605382782129,0.5885703721409735,0.008527560609988851,0.03339772769871619,0.33384188579829666,48.4344382708557
1666750474.2470362,0.7191616934812316,0.5937965412589374,0.00852957734514066,0.03311648121471314,0.33164376277054286,50.04599299475576
1666750474.2804132,0.7233954674952112,0.5990842545400755,0.008534613455388475,0.03312508897307144,0.32955316798727236,50.964435851494194
1666750474.3146586,0.7275297517029783,0.6044332045689509,0.008531797827748601,0.032922443393787394,0.3274856900989072,51.74899051407482
1666750474.3493602,0.7315689163762746,0.6098730600214665,0.008536715545565544,0.032217093890288234,0.3255166480637852,52.95416956440684
1666750474.3835416,0.7356290741952863,0.6153545732576235,0.008539616008823555,0.03184051491923424,0.3243179623529294,53.69040149630742
1666750474.4182801,0.7398178367198628,0.6207737141290146,0.008532554988745375,0.03291425411478915,0.3243716374378791,52.9876062141079
1666750474.4527285,0.7441493903658527,0.6260771656647354,0.00853635326746654,0.0343499024905133,0.32518571606633634,51.484669169758796
1666750474.4885235,0.7485903068770426,0.6312756788314117,0.008528868760287219,0.03517156524826502,0.32637727787764786,50.04518296216499
1666750474.5234015,0.7531359351551273,0.6363873901508672,0.00853434331535843,0.03532395370350767,0.3274844048207824,48.92662208081191
1666750474.558018,0.7577804456372391,0.6413967334203459,0.008525880255043722,0.0353120852527766,0.3287064763829345,47.69193413521528
1666750474.5939555,0.7624257825346163,0.6463466756309391,0.00853020876533171,0.03461319447120296,0.3295237094792443,46.748602949982605
1666750474.6279242,0.7669687615129441,0.6513463686775398,0.008529722708850678,0.03232278963364802,0.3294827933093721,47.13890278314449
1666750474.6616828,0.7713665032086254,0.6564600073372081,0.008533894519567962,0.02926265188542506,0.32885334613459,48.51129378728406
1666750474.6964386,0.7756103090296214,0.6617014840863474,0.008527157575275841,0.02640978264409119,0.32821617264327513,50.18345124679848
1666750474.72982,0.7797042372937658,0.6670649266663179,0.00853556028887937,0.023997037966184822,0.3276724167138776,51.87210827541421
1666750474.764347,0.7836691137362874,0.6725422626121348,0.008530915849731651,0.02197993814620451,0.32741838302024334,53.46412639128384
1666750474.7984886,0.787597508947257,0.6780929067717386,0.008535940723466792,0.020510693294508064,0.32751678117863714,54.62312242720345
1666750474.8321168,0.7915955499366264,0.6836325014810805,0.008525932350113332,0.02030750546274308,0.3280778025199434,54.58886554207734
1666750474.8658624,0.7957269340752613,0.6890981731317696,0.008531998200708305,0.020981569913628928,0.3287211895163652,53.612405206046404
1666750474.89816,0.8000370508857465,0.6944405259456706,0.008527210763291087,0.021766321249802524,0.32941411635433177,52.04200342334866
1666750474.9323208,0.8045147864630867,0.6996326619957413,0.008528715408160836,0.02215127186522052,0.329925107790752,50.076649352072415
1666750474.9685154,0.8091092062701759,0.7046941870695297,0.008531695750933049,0.021648974857083492,0.33004940370414193,48.37021795191364
1666750475.0034106,0.8137303485033159,0.7096833484931282,0.00852636304961319,0.02020893211952122,0.32977867508948916,47.27936035988235
1666750475.0379272,0.8182930906633988,0.7146865669482809,0.00853404412893029,0.017383120794938783,0.3289245898777411,47.27869180102181
1666750475.0737777,0.8227353186845394,0.7197672202010613,0.008530856990961589,0.013383498319284214,0.3279813822809024,48.15303188808412
1666750475.1081612,0.8269993623201177,0.7249740116916308,0.008534567313533999,0.009063490451750646,0.3270562374230572,49.698078754660564
1666750475.1410527,0.8310642210674408,0.730338664124804,0.008534359102619613,0.00508160933927145,0.32656432346611847,51.81453127775711
1666750475.1754045,0.8349506377376155,0.7358451537134684,0.008530566669994565,0.0021407108087403027,0.3264686901609321,53.90236043278101
1666750475.209482,0.8386584824698416,0.7414706439189581,0.008535577236993636,0.00015606485881795642,0.3268277642060269,55.7157064480667
1666750475.2442367,0.8421676784940292,0.7472166535958688,0.008529041932566381,-0.0012883530464633268,0.3276286532674716,57.61347144298686
1666750475.279067,0.8454750370950989,0.7530838361925853,0.008533804856391615,-0.002107397214569524,0.32851050525094677,59.64369188129695
1666750475.3143244,0.8485862146039503,0.7590596464277809,0.008525448513910195,-0.0020228119959199323,0.32931263427272023,61.5928079209879
1666750475.3478858,0.8514943718199723,0.765134587669475,0.008531844526394288,-0.0009235337143999976,0.3296107210074427,63.48948692028394
1666750475.3823628,0.854211697933301,0.771312911717309,0.008531210050804566,0.0012725775486548123,0.3294640319170051,65.44505984516802
1666750475.415775,0.8568423275236158,0.7775726024228723,0.008534656710095883,0.0051440502567691145,0.3287726213683815,66.97521851648801
1666750475.4508753,0.8595113307562771,0.7838496936315271,0.00853106917582681,0.010956762324324692,0.3277426940625161,67.23679873024334
1666750475.483494,0.8622892414347477,0.7900994537283171,0.008536470183133499,0.017355517550815328,0.3266764329121717,66.57324631046859
1666750475.5168574,0.8652463860637872,0.7962935149768928,0.008532723873528906,0.023528477969693803,0.3259008151258091,65.35684580109736
1666750475.5505164,0.8684218296519923,0.8023737805005103,0.00853645088644433,0.029096935927178876,0.3256427956791974,63.40511133318685
1666750475.5837169,0.8716870520999149,0.808347405656879,0.008534161994067277,0.0334191330074573,0.32563453417407384,61.57828854158008
1666750475.6199634,0.8749071519467241,0.8143166231030731,0.008534288395058976,0.036490870830944794,0.32511325852816747,61.394966274243714
1666750475.655356,0.8781046798124212,0.8203194260476927,0.008538240250806059,0.03952633459608891,0.3246197816700377,61.93468731845664
1666750475.6893094,0.8813324594790115,0.8263150565186833,0.008532494689812894,0.04332336805277706,0.3250311756511755,61.8652471524917
1666750475.7234855,0.8845647439199487,0.8322945064829927,0.008534518466100446,0.047311959295064814,0.32578177396990593,61.58665873688628
1666750475.7575386,0.8877873556028777,0.8382839146135518,0.008530032948580403,0.05100032969372833,0.32656997783313885,61.69812446980764
1666750475.7908375,0.8910559491726356,0.8442695248260954,0.00853322133672826,0.05491430530557908,0.3277599270182755,61.64092938119535
1666750475.826172,0.894385209077473,0.8502168808072893,0.008525048914713156,0.059139821015040145,0.32942787923355993,61.0227608387216
1666750475.8611393,0.8977410496795181,0.8561388690750278,0.008529290614345974,0.06275663010759666,0.3305233115156047,60.561572461033606
1666750475.8948877,0.9011245348020266,0.8620503479889587,0.008527225669180055,0.06579349611682087,0.33120640974479326,60.36881659635461
1666750475.9287167,0.9045532129500864,0.8679400641159808,0.008523731085466373,0.06858865630991247,0.3317074881383614,60.0189988011945
1666750475.9624748,0.9080291765059205,0.8738027861811758,0.008531018338991659,0.07102789675363905,0.33205222855240846,59.560273844189425
1666750475.9961073,0.9115715234345879,0.8796351655211555,0.008524508837590422,0.07298694063784325,0.33216351478516043,59.06862079921715
1666750476.0302093,0.9151910135333395,0.8854201678128203,0.008524897833051132,0.07453604388021938,0.3321485222701965,58.32981772481167
1666750476.0642035,0.9188753375500562,0.8911589950584307,0.00853062155522812,0.07546522335240287,0.3317776346810772,57.595830452273646
1666750476.0995293,0.9226205198690256,0.8968593612295246,0.008525436650242193,0.07559599426793989,0.3308875201333013,56.99269974800752
1666750476.1342049,0.9264339316128648,0.9025168874349133,0.008534453081635016,0.07497939350440885,0.3297981803278886,56.35353644035458
1666750476.1678379,0.9303268620887868,0.9081283435102951,0.008531720209047714,0.07363301330448378,0.3287067928858724,55.65124090831551
1666750476.2022805,0.9343421937833217,0.9136714799338257,0.008536181624680783,0.07167524881763397,0.3279314935325496,54.72363076740116
1666750476.2368839,0.9384858443498109,0.9191148828356737,0.008530599322625072,0.06934167455578359,0.3277899821723822,53.34171428713279
1666750476.2718477,0.9427317650586157,0.924470054193783,0.008536975758341272,0.06610022785323656,0.32740788285762595,52.086682170642376
1666750476.3054876,0.9470804788781526,0.9297469176434512,0.008532010067828496,0.06170586527639719,0.3269145936099912,51.044905795766894
1666750476.3406324,0.9515428124663272,0.9349321157064336,0.008532315709930634,0.05634069467760157,0.3266204696606688,49.878541018387864
1666750476.374559,0.956088911026196,0.9400191145496218,0.008535682790724404,0.050059822875690385,0.3265424337980955,48.62664684315642
1666750476.4100106,0.9606152779611347,0.9450672426096135,0.008532428714496026,0.04252407008713499,0.3260795892049243,47.93083404429293
1666750476.4441552,0.9650273140631774,0.9501778484549653,0.008535063828028619,0.03359573537007457,0.32514236588880446,48.53447469520757
1666750476.476884,0.9692783137827292,0.9554045422739699,0.008539796203908875,0.024287095840421206,0.32442816257897217,49.99250405552427
1666750476.5108488,0.9733354436776971,0.9607739664949984,0.008532121038623535,0.015346415251461763,0.3244576839956386,51.890629297868294
1666750476.5451844,0.9772019942283745,0.9662902622602711,0.008537299758410303,0.007341679480565853,0.32519162493740095,54.01834242990454
1666750476.5795176,0.9808894422811454,0.9719311897490569,0.008533084090193722,0.0006923637710300164,0.32676199808838274,55.939912489462806
1666750476.6137927,0.9843851323797033,0.9776877400451344,0.008524367527195842,-0.004793019464301992,0.32875207323264943,57.7864983732271
1666750476.6474736,0.9876773259830044,0.983562839959554,0.008528127384963792,-0.009222859189969249,0.3308966019965737,59.768294204355826
1666750476.6815379,0.9907694712319296,0.9895480153024788,0.008522689706997301,-0.012505294201551777,0.3329013844494316,61.75694169207411
1666750476.7156126,0.9936598127021021,0.9956327391742865,0.008526450426364789,-0.014719783717783685,0.33444867189655914,63.66819378315204
1666750476.7500234,0.9963412236929908,1.00181055408955,0.008519709035166748,-0.016010718209085412,0.33525817852704254,65.59593969409951
1666750476.784271,0.9988297167977396,1.0080849422865075,0.008527845333560203,-0.01640343614037077,0.3351243953390524,67.56295167974719
1666750476.8183806,1.001231453248509,1.0144365613197022,0.008525476505693358,-0.015337613333132442,0.3338238179709652,69.06365521359302
1666750476.8523011,1.0036718186337805,1.0208058683524193,0.008530291735275159,-0.011804941305758052,0.3310965545171318,69.30611369781556
1666750476.8865008,1.006222978521802,1.0271517482643515,0.00853433522035298,-0.006817316196246835,0.32769693387740667,68.64110497041209
1666750476.920484,1.0089571904838668,1.0334474594908385,0.008543284796569859,-0.0013906678864999643,0.32421705383070876,67.41142282587609
1666750476.9539077,1.0119334035353897,1.0396431281173635,0.00854504002687628,0.004049029748840378,0.32122475523286004,65.44779100089094
1666750476.9880562,1.0151183458620106,1.0457135370456123,0.008546231846929328,0.008584770796032853,0.31919991640197104,63.19064551207782
1666750477.0230463,1.0184452959968793,1.0516924737475146,0.0085462139134912,0.011768289624000441,0.31829935468534193,61.52108259486089
1666750477.0582874,1.0219264106169539,1.0575966979585019,0.008540097844436819,0.014298613582261425,0.3185779467116244,60.23835931423601
1666750477.09244,1.0255897640716403,1.0633948178035932,0.008542041394179033,0.01661783319180929,0.32006514831127314,58.584228584517525
1666750477.1266992,1.0294153984889605,1.0690784715398767,0.008534506084918056,0.018335982918618585,0.32254949999183463,56.80988576592387
1666750477.1614606,1.0333889324690393,1.0746590791080706,0.008528667333389476,0.019267787149372058,0.32550137952705765,55.27472575326716
1666750477.1960328,1.0374970608045755,1.0801286435125725,0.008527333951462292,0.019578353155640594,0.32863262644779495,53.74408295942392
1666750477.2306585,1.0416418986669649,1.0855186654341218,0.00852615293048139,0.018885618900620765,0.33152439322827504,52.52703451082979
1666750477.2648442,1.0457108304735026,1.090924698486615,0.008518788509804507,0.016380335744764718,0.33352661826195884,52.587569775508335
1666750477.2989407,1.049644198602888,1.096407932963628,0.008525215653698976,0.013025297083146849,0.3346466179456668,53.63854287323595
1666750477.3333573,1.053399656457699,1.1020011592942318,0.008518527941252635,0.009703126057751548,0.33499757330972246,55.207027496749575
1666750477.3679876,1.0570001460302956,1.1077223669086709,0.008527786439890996,0.006833566912464602,0.3345414840755302,57.114729462807155
1666750477.4015803,1.0605703202471608,1.1135138855374016,0.008523874499090601,0.005118264313732466,0.3335467833866825,58.325459507904576
1666750477.4355178,1.0641901987386888,1.1192874929535879,0.008532333855427142,0.004503489273008635,0.3320246761543044,58.169291551777995
1666750477.4697242,1.0678130475189136,1.1250343238548732,0.008526812101653574,0.004111755037180761,0.33025563590162477,57.711339170267294
1666750477.5040617,1.0714076465159486,1.1307983408323792,0.008529743287061999,0.002998371396366388,0.3282672778980756,57.922519424142024
1666750477.5384817,1.0750081761142334,1.1365727292187826,0.008538805356047608,0.0015766798210666633,0.3264690008119664,58.12004553175835
1666750477.5736775,1.0786140031029527,1.1423335829080359,0.008533246824059988,0.0003309793805066706,0.32513900155981307,57.95292897352365
1666750477.6080656,1.082174328378996,1.1481052200252058,0.00853527480875531,-0.0010928825154231565,0.32426247286091275,58.0609178854371
1666750477.6424937,1.0856881500179996,1.1539139226389692,0.008539796153589742,-0.0029838789559461574,0.3241434527074049,58.6381459247139
1666750477.6761904,1.0891850650680894,1.1597408653629706,0.008532113140999163,-0.0047930641771689346,0.32469059540592166,58.96915559653672
1666750477.710284,1.0926580006734443,1.1655754473978825,0.00853621791817112,-0.006282722702698685,0.32567367241793643,59.100946436288304
1666750477.7442465,1.0960919342453999,1.1714304440962224,0.008527692187636337,-0.007672764959023048,0.3271130470884966,59.419351338654444
1666750477.780681,1.0994992013933076,1.1773090149746717,0.008530231295988242,-0.008900249583675003,0.3285697202570228,59.79991172048945
1666750477.8153503,1.1029036350775536,1.1831959933717942,0.008523910495783747,-0.009661195277438629,0.32993649993896257,59.96436510088499
1666750477.8492568,1.1063023128661507,1.1890814471743425,0.00853103789403422,-0.009885125594899378,0.33099141926169323,59.95129023566205
1666750477.8839548,1.1096824302688573,1.1949748563936688,0.008524629714929035,-0.009899967062389305,0.33166648929599507,60.072254957459165
1666750477.918876,1.1130490011262986,1.2008792732450786,0.008527254026564242,-0.009713841494318528,0.3318604235137774,60.25706328058707
1666750477.9523606,1.1164078978771563,1.2067885401648666,0.008528936527720573,-0.00918151345346677,0.3316829938756265,60.351591780388155
1666750477.9871182,1.119753714252197,1.21270245161727,0.008526812626569428,-0.008384190691360758,0.3310311954390455,60.43384855220534
1666750478.0202734,1.1230807358210528,1.218625803657051,0.008534616644234752,-0.007435075176900876,0.33006252472384084,60.58911792917136
1666750478.0550086,1.126391363107077,1.2245598174711887,0.008531854795877184,-0.0063308511281702905,0.3289899993880416,60.77319819279414
1666750478.0888696,1.1296880392521176,1.2305019000542172,0.00853450251126842,-0.005027963352914952,0.327836424084315,60.91587199057472
1666750478.1231587,1.132968969356471,1.2364518315949016,0.008534386839831706,-0.003554698973647906,0.32686922772456484,61.05317005802302
1666750478.1572795,1.1362330532330962,1.2424111874377535,0.008533743597945767,-0.0019581514898014524,0.32614202550100146,61.2146761538212
1666750478.1915684,1.1394856496155963,1.248380423387853,0.00853521009046833,-0.0002480530525862831,0.32583234351267,61.37301980897204
1666750478.2257345,1.1427419576153368,1.2543529222386072,0.008537426599456029,0.0016206133643664785,0.32586743234156046,61.43662300510792
1666750478.2597728,1.1460037799869915,1.2603203259212865,0.008531021453035607,0.003710356804967286,0.3262546090021083,61.358890715298024
1666750478.29398,1.1492621700748367,1.2662872687716116,0.008536453349468775,0.005832697323361721,0.32676517391074905,61.34339173929308
1666750478.3280869,1.152518351342565,1.272257164449533,0.008529135209320369,0.007889913035351616,0.32755443974962295,61.39018625771402
1666750478.3623896,1.155777082513044,1.2782265383156592,0.008528466213005986,0.009937492047356103,0.32832470029880706,61.386871950031384
1666750478.3990586,1.1590206163369035,1.2841906504924885,0.008533148114969835,0.011937644207859395,0.329042091758377,61.36188581107812
1666750478.4339278,1.1621950271441532,1.2901766434305457,0.008525641573914123,0.013448824045361426,0.3296277789423534,61.69371236641514
1666750478.4684458,1.1653225944477004,1.296206436328322,0.008532150840236643,0.014321916470087173,0.3298728079183784,62.44246584015308
1666750478.5024376,1.1684466574705614,1.3022449322303622,0.008533434403026445,0.01564574454504835,0.3301327755173179,62.646865391846084
1666750478.5361032,1.1715452372475799,1.3082844271982168,0.0085254246270295,0.01723132703188423,0.3301975939730078,62.68341636822088
1666750478.570882,1.1745997080781252,1.3143455768195378,0.008531847567369721,0.018569131978734305,0.32990530011428754,63.05892055673929
1666750478.6055744,1.1776091792854986,1.3204220743538093,0.008531166951312218,0.019851835366794114,0.32947808714971777,63.4397464918216
1666750478.6400025,1.1805093118889887,1.3265269600111638,0.008534627687749442,0.021070441373733862,0.3288213797507393,64.01010295564488
1666750478.674022,1.1832765435053576,1.3326983945111288,0.008529307888438645,0.021973210269574887,0.3279494274044639,65.28710925345436
1666750478.7089193,1.185952802889427,1.3389226554111417,0.008537129620695132,0.022990610690077795,0.3272896040786536,66.37532166428862
1666750478.743333,1.188538870513355,1.3451786321852037,0.008532025707037108,0.02431452183500935,0.32697589390961607,67.11830084538406
1666750478.77779,1.1910103926812299,1.3514755354184003,0.008532331983945842,0.025809510110378197,0.32670940229065537,68.05436956250811
1666750478.813027,1.1933904062143703,1.3578276111559386,0.008535675187566486,0.027411473706759375,0.326611989538342,69.13187730346033
1666750478.8480346,1.1957965055027118,1.3642141511256798,0.008529169855450087,0.029827065278398877,0.32690868850951277,69.62714102576695
1666750478.8810885,1.1983503798861637,1.3705727521723348,0.008531866909473386,0.03361865896712523,0.3277324460455782,68.84994835185832
1666750478.916111,1.2011095104083147,1.376859102995059,0.008529589601889959,0.037646813626575244,0.3287459286637242,67.23605445823945
1666750478.9497554,1.2040920230536534,1.3830444878946024,0.008527362824265177,0.040904991456748585,0.32966681548676435,65.25466949987174
1666750478.9847896,1.2072627964314964,1.389113874059358,0.008531542892335672,0.04282724732535829,0.330184228287056,63.205296324715064
1666750479.0185025,1.2105051378104108,1.395100287380666,0.008530390633588573,0.042968424625307894,0.3298709160076881,61.7566264615806
1666750479.0529377,1.2137095138916314,1.4010750880255076,0.008536896225989143,0.04149565243227885,0.3284659429747906,61.54644013884248
1666750479.086832,1.216815844570117,1.4070833297169885,0.00853109678228714,0.03888908870400528,0.326843914357721,62.16990174873223
1666750479.1209369,1.2197882358217063,1.413151645401745,0.008537958823745159,0.03572258251538889,0.32536871131170075,63.26531451466061
1666750479.1563134,1.2226346118765432,1.419287459137821,0.008534225550809278,0.0324994495206592,0.3245790884769708,64.57108470668582
1666750479.1898847,1.2253922585904033,1.4254825894636023,0.008534231945711743,0.029465827600943097,0.32470568500308794,65.65313691547163
1666750479.2250862,1.2281357654645224,1.4317069716876474,0.008531029268808088,0.026790515262554573,0.32560005884422616,66.23104721768217
1666750479.2589748,1.2308779824758775,1.4379234398223781,0.008532260359503491,0.02485394826705244,0.327119864991095,66.14591840504508
1666750479.29319,1.2335757492313526,1.4441486654979254,0.008528651738914353,0.02326019565309612,0.3286292268768195,66.3383985618832
1666750479.3267574,1.2362332210559037,1.4503987516277517,0.008525091634183924,0.02183491131504552,0.32992202085102695,66.81883443017736
1666750479.3612177,1.2388733853482485,1.4566599887589537,0.008530582550678905,0.020889732593808025,0.3310759988376297,67.0719669421019
1666750479.3950894,1.241488608384588,1.4629274136914374,0.008523776877623748,0.020395604567839364,0.33183263734081725,67.22398310696981
1666750479.4291346,1.2440746187210603,1.469207913268328,0.008529157329995068,0.020077149958841488,0.3320778558310345,67.49771360410824
1666750479.4629946,1.2466398141363901,1.475499264007012,0.008527298779770683,0.020062680078892104,0.33197820173458553,67.73618614318269
1666750479.4971576,1.2491842306638554,1.4817977883153275,0.008526595830376068,0.02038547172616788,0.3314013930110545,67.90707458947278
1666750479.53143,1.2517037211426534,1.4881052628014177,0.00852876210398678,0.020897428611661197,0.3304529959009604,68.1146616921733
1666750479.566636,1.2541987009843654,1.4944233940722573,0.008536149825891315,0.021567960841097,0.32926106970285834,68.35029737211087
1666750479.6007807,1.2566768426295611,1.5007524697508154,0.008530677211492943,0.022436638928633384,0.328036026011085,68.55855571920172
1666750479.6352837,1.2591592346469052,1.5070864472731986,0.008536266262458415,0.023547483400730568,0.3269070631637297,68.64394150686297
1666750479.6704695,1.2616496508129251,1.5134147911707183,0.008532322354633986,0.024946849106364154,0.326214050068348,68.54320624054237
1666750479.7035918,1.2641356915710087,1.5197419621115487,0.008537744380541211,0.02642407676725282,0.32575454244488933,68.52150238986326
1666750479.7385573,1.2666186006767122,1.526072543379033,0.008533009616194593,0.027853373436251654,0.3257167578290057,68.58249485436069
1666750479.7734442,1.2691045990810426,1.5324030991656128,0.008532317227782431,0.02922418626688728,0.3260056328003516,68.5789724081096
1666750479.807308,1.2715762457584863,1.538726068297252,0.008531421345458421,0.030518962945205858,0.3266776032167995,68.5461778505426
1666750479.8410807,1.2739733485176552,1.5450618559584754,0.008527674595746262,0.031426666752502025,0.32733915868304647,68.89001854207467
1666750479.8760514,1.2763120103346566,1.5514373993123498,0.008533214856058178,0.031681399125718525,0.3279383875065104,69.68472585534316
1666750479.909551,1.2786409784231627,1.5578237285920495,0.008527181392568138,0.03221094585139431,0.3288367141786917,69.94544496510169
1666750479.9432805,1.2809409759866495,1.564209070436743,0.008528696572204855,0.032959412796225496,0.3296733780089878,70.01775821374517
1666750479.978431,1.2831897231405456,1.5706114897252585,0.008530080281179568,0.033266626602645205,0.33010622268993584,70.42825930090395
1666750480.0120463,1.285406097052286,1.5770337079059669,0.008531515973596668,0.03347166988504937,0.33033260277869547,70.85659680535804
1666750480.0463905,1.2876091349429548,1.583462868481299,0.008531769632166487,0.03401069969919484,0.33045706044589024,71.03678637467735
1666750480.0808926,1.2897905107004122,1.5898947981221578,0.008529867788178937,0.034707768903859175,0.33036848715003153,71.15415144597868
1666750480.115893,1.2919416987995538,1.5963366828488799,0.008529649173160866,0.03530578390048975,0.3299420914063982,71.40676354249231
1666750480.149457,1.2940697470705682,1.6027887511077663,0.008527477061180575,0.035895618852395776,0.3293574389759934,71.65974435033256
1666750480.1840253,1.2961772268748675,1.6092470510643884,0.008529117017350235,0.03653729354320192,0.3286089851664509,71.83795925157403
1666750480.2182224,1.298264969675736,1.615714392826525,0.008534144557680527,0.03718341153474043,0.32791955908782067,72.0349433043783
1666750480.252641,1.3003544831284004,1.6221886973197757,0.008530553537522408,0.03782649628794524,0.32735330876569735,72.15438327460515
1666750480.2863173,1.302454218354683,1.6286578688325595,0.008532103969481375,0.038556623359616446,0.3270886044429485,72.05120114533624
1666750480.3203197,1.3045502244561344,1.635124552160771,0.008531086318820722,0.03927023142704531,0.3269614019382073,72.01119013711445
1666750480.35525,1.3066417432433792,1.6415947062858955,0.00853416334745254,0.039818078046920835,0.327012299060835,72.07815129902326
1666750480.3894923,1.3087362473620319,1.6480654674150519,0.00852970237673491,0.0402459166468431,0.3272713361885918,72.08331750985131
1666750480.423374,1.3108045649890208,1.6545207338338215,0.008529872695183321,0.04056001336006673,0.32768148899477223,72.04500611436
1666750480.457962,1.3127096492540131,1.660980953526574,0.008536176108248616,0.03990256942079799,0.32771758159358244,72.68836513888317
1666750480.4925988,1.3143809059555418,1.6675092145651709,0.008527472909207795,0.03768680587402471,0.32724572237847965,74.67848317704873
1666750480.5274127,1.315890936829553,1.6741000431588793,0.008535570840399648,0.03623880858086251,0.32716899896783824,76.52259239116721
1666750480.5626166,1.3172618711256463,1.680713956686398,0.008527705398658708,0.035955622167280744,0.3277126873446995,77.66420238725492
1666750480.597237,1.3184455396304111,1.687352562095107,0.00852873506255623,0.035670520876746235,0.3278935829643213,79.06400257225839
1666750480.631397,1.3194567751970634,1.6940405432282255,0.008534404783738556,0.03553259218578182,0.32778424829288355,80.7876599279272
1666750480.6661236,1.3204218257227407,1.7007781102765063,0.008530295856839842,0.0364574503248612,0.3279357432883371,81.86222607564677
1666750480.7007864,1.321468460612327,1.7075290682994786,0.00853018445547679,0.03860597486860927,0.328583865913958,81.61962490613976
1666750480.734866,1.3226362527692284,1.7142608792890688,0.008529619768137908,0.040693750814544356,0.32923774514227366,80.65371007168756
1666750480.7691286,1.3238990613415242,1.7209652555431814,0.00852740804525632,0.04212765300198748,0.3294026837119887,79.67664651073281
1666750480.8033864,1.3252279975220846,1.727648711089261,0.008532426432579501,0.04302245351173536,0.3288916631670178,78.99725656305014
1666750480.8385942,1.3265735070513938,1.7343129740647585,0.008531757771092736,0.043604966081400326,0.32810523194546737,78.58564339076997
1666750480.8715184,1.327916032704525,1.7409818550927112,0.008532343513815575,0.0440576076716203,0.3270256480216431,78.6324718965858
1666750480.904895,1.3292868869501635,1.7476524918245333,0.008535669163023602,0.04477745180255337,0.32644391958131236,78.53764919787076
1666750480.9383023,1.3306879188201326,1.754312815014039,0.008530628538449452,0.04564749782301142,0.32631276451466956,78.22490560347852
1666750480.9723678,1.3321016820656655,1.7609673724809456,0.00853620167066922,0.04633869902063186,0.32637106154766227,78.04724722192285
1666750481.0081577,1.3335363853360478,1.7676245092285459,0.008533405466990582,0.04693663301377737,0.32677196377189033,77.95693396970658
1666750481.042362,1.3350247304821152,1.7742779397469162,0.008532287687546606,0.04772443076692098,0.3275946216400434,77.64916583800381
1666750481.0770211,1.3365699756687308,1.7809138796761133,0.008526293494811555,0.048553292642313874,0.3287156256664933,77.1042587919974
1666750481.11106,1.338152839193402,1.7875375338627175,0.008531444303558788,0.04887532768816695,0.3295217854845757,76.7036437117599
1666750481.1454506,1.3397769529034174,1.794154505675754,0.008528317346703805,0.04871422739060284,0.33019357290807355,76.3979242218689
1666750481.1786962,1.3414511323795495,1.8007598929712356,0.008525542547851999,0.048200730755459664,0.3306616722799902,75.98774398990199
1666750481.2120159,1.3431481052444578,1.8073393101710746,0.008529910813756246,0.04725167915708197,0.33090240094442835,75.55167145376991
1666750481.2456563,1.3447420892667794,1.8139020001687893,0.008528556448404119,0.0455569957562286,0.3303326459099941,75.73886803123587
1666750481.2812905,1.3461556620990176,1.820505045519419,0.008531582669220928,0.043277565468307126,0.3288779693450077,77.17141660481713
1666750481.3167748,1.3474480705211391,1.827154532285903,0.008530886087142586,0.04119671080958241,0.3278538304574164,78.59849831766267
1666750481.352538,1.3486499963137544,1.8338166157909324,0.008532197813930177,0.03919546938513036,0.3273774945176581,79.36433185531116
1666750481.3862433,1.3497186059039241,1.84049036545295,0.00853568702609747,0.03686876083196878,0.3270092431939298,80.29945421790563
1666750481.421036,1.3506644680228657,1.8472019562505753,0.008530642854755214,0.03433689763606817,0.32671577295261084,81.5596923708546
1666750481.4552207,1.351613990005357,1.8539558783510932,0.008532797870952426,0.03240358466267979,0.32699321823529587,82.21602117131792
1666750481.4900134,1.3526956435068274,1.8607148356327847,0.008526316216877093,0.031886814649076126,0.3279622743576034,81.53538091246973
1666750481.5245566,1.3539360333650214,1.8674420008244814,0.008530187928710553,0.03164683202823395,0.32896618681043027,80.1772420094744
1666750481.558696,1.3553013966212188,1.874136432491044,0.008529639587797297,0.030652992542123236,0.32943934642393347,78.94366933404007
1666750481.592697,1.3567859751894742,1.8808091828418767,0.008527409316768599,0.028954448987810605,0.3294322127927787,77.9693767832465
1666750481.6266432,1.3583902652053241,1.8874440342881345,0.008534511929431653,0.027056967478397136,0.3291221799331581,76.86111434022018
1666750481.6608706,1.3600040346689242,1.8940326079318563,0.008528585211077005,0.024460633367592678,0.3285230314252199,76.08230848790164
1666750481.6961384,1.3614864045867279,1.9006187304528175,0.008534559911928084,0.020528608384250368,0.3274975357861759,76.63875562079943
1666750481.7309349,1.3627665985128687,1.907233156016799,0.008534342375397307,0.01624522955849058,0.32680426400618895,78.15511756594533
1666750481.7650344,1.3638114027495851,1.9138826044698467,0.008528116254734673,0.012591761253244153,0.32669550208581527,80.0645073359327
1666750481.7992568,1.3646211771397045,1.9205702096511184,0.008534959974708918,0.009875991592722483,0.32719770002058524,82.15368015000256
1666750481.8333285,1.3652182538049835,1.9272877414941505,0.008528791573903903,0.008150772921914642,0.32806578901762373,84.07797536360373
1666750481.8688004,1.3656307804955439,1.9340256324041265,0.008531664290063088,0.0072530965611564665,0.3289392000350382,85.77461645659592
1666750481.9028895,1.3658612473668568,1.9407682233160177,0.008526329719072764,0.0069808906476173035,0.32961893347602234,87.27720362040776
1666750481.9367988,1.3658941957565036,1.9475119793027131,0.008533841908478506,0.007211330211424673,0.32986657134048103,88.90329297700124
1666750481.9707196,1.3657312046313972,1.9542566091741924,0.00852548095922212,0.008091578926205753,0.32981409581020044,90.60641954545625
1666750482.0050888,1.3653807516022292,1.9609947024043626,0.00853114713322497,0.009934026482693838,0.3292640084316046,92.22187032091642
1666750482.0387087,1.3648539607127108,1.9677346403379428,0.008536312945010555,0.01282699568718997,0.32832902038865264,93.81666149513785
1666750482.0747364,1.3642492517760503,1.97450842632819,0.00853207210978431,0.017042025207964315,0.32720329641105633,95.0179039605971
1666750482.109842,1.3637089678132688,1.9813192520506897,0.008538145825953742,0.022591031259216104,0.32632626967650946,94.96742517486425
1666750482.1445484,1.3633183203079413,1.9881587513721632,0.008531238994317266,0.02835837489579312,0.32608419717535947,93.96767275764763
1666750482.1785738,1.36314645099725,1.9950249351066727,0.008530926442634713,0.03357297755100203,0.3264309746279439,92.41296768094962
1666750482.212327,1.3632321631871114,2.0018927592428266,0.00852862367662361,0.03778529560060241,0.3274331069849456,90.31939913334134
1666750482.2459054,1.3635351205123993,2.008731804582814,0.008533265543654633,0.04031141542772522,0.3284333538845411,88.22443729849418
1666750482.2819428,1.3639341723748966,2.0155283478771255,0.008526913813269756,0.04100280479042443,0.3288809725074517,86.84257265548221
1666750482.3157008,1.3643072961601947,2.0222997746846434,0.008531364238357335,0.0405425657689931,0.32832489419464167,86.62246619927151
1666750482.3501644,1.3645773746268095,2.02905477796387,0.008531117177915973,0.03985895284963989,0.3273387943840273,87.19358558235876
1666750482.3843513,1.3646590441204711,2.035788332912386,0.008535407741399832,0.03886300872959426,0.3261866439396412,88.40962933258933
1666750482.4192345,1.3644958961051923,2.042526713352019,0.008538757447918197,0.03756850643577883,0.32494137173054843,90.40966262865084
1666750482.453665,1.3641983722378404,2.0493054678143787,0.008532387737340991,0.03692752650495578,0.3243295237288065,92.2253088705957
1666750482.4900148,1.3638759463355166,2.056086930223125,0.008538613389682799,0.03782929501080728,0.32495103228698435,92.62983948950406
1666750482.5231209,1.363465796059066,2.062838305646582,0.008537422791164139,0.03907820052213155,0.3260434292380666,92.97110697468251
1666750482.5570493,1.3629220340263215,2.0695843666637184,0.00853100149370331,0.040249942203337656,0.3267223856933214,94.10227199808143
1666750482.5909827,1.3622894887698835,2.0763360164721365,0.008534572378376726,0.04205226517033388,0.32752164001866135,95.07158706545086
1666750482.6263602,1.361596359769487,2.083089294300734,0.008525416076825802,0.04462014126015909,0.32860977088311255,95.6437330829059
1666750482.660966,1.3608931899167913,2.0898582884406762,0.008532596885267332,0.047611036622571795,0.3295330966799034,95.99940031345649
1666750482.6960223,1.360207498239149,2.09662385298474,0.008523850576011273,0.05084695421620115,0.3306866156167632,95.82607829071385
1666750482.7301173,1.359503665130836,2.1033788265983113,0.00852913531512065,0.05367742361807562,0.33127843099854337,95.8301212022548
1666750482.7642965,1.3587749487169993,2.110136204788469,0.008526992233296624,0.05625548498620759,0.3312195046078841,96.0933915954729
1666750482.798395,1.3580428176777828,2.11689672021685,0.00852796261217178,0.05889894596025811,0.3308070570824377,96.19082850696059
1666750482.8312445,1.3572927840176485,2.123637251114911,0.008534926802288912,0.06142666154491711,0.33022919818671753,96.18525159543137
1666750482.8646643,1.3564280100729975,2.1303367891168326,0.008535384753112454,0.06331119150335701,0.32885663067682785,96.72372338190863
1666750482.8977687,1.3554057339282533,2.1370211289332652,0.008533963966597013,0.06423332108232765,0.3264532750991467,98.10667389466487
1666750482.931646,1.3542759277033403,2.1437011635072034,0.008539867129133972,0.0652651816806297,0.32453173289129955,99.23925311657769
1666750482.9654393,1.3530498588638744,2.150357042692747,0.008542701508788827,0.06692551521307089,0.32349212553263207,99.99265643657061
1666750482.9996264,1.3516983724827196,2.1569833975862687,0.00853957231330527,0.06871039821687067,0.32270530155332144,100.97999148081257
1666750483.0333068,1.350232925265521,2.1636048904128833,0.008535466254089269,0.07059746094702582,0.3223062400363522,102.1173556045444
1666750483.0672035,1.3487453205648468,2.170243625484092,0.008534390127812586,0.07304587011325661,0.32318466214568153,102.6866435702852
1666750483.1012075,1.3472523794312725,2.176864911086671,0.008529241519235748,0.07564459329666927,0.32559088918771445,102.57629229363867
1666750483.1351585,1.3456913384299756,2.1834610300078987,0.00853191697041993,0.07780763796317201,0.3276341829831466,102.98213717886362
1666750483.16911,1.344067590477349,2.1900537255807633,0.008524349909577053,0.07994339256903965,0.32918381215677744,103.65658733691569
1666750483.2038064,1.342415936342862,2.1966416406751876,0.008530966523522471,0.08215594541551301,0.33085762318289813,103.9726672884009
1666750483.2377248,1.3407142523156221,2.2031968062909177,0.008525053212727127,0.08411521721577302,0.332192492495585,104.2304986751577
1666750483.2711978,1.338870595662493,2.2096810897182775,0.00852998495603688,0.08542922998711633,0.33193586612830184,105.08004372613904
1666750483.3049297,1.3368083477055575,2.216094270358344,0.008537737323208682,0.0855828852194837,0.3297496472199541,106.86918230826547
1666750483.3390687,1.3345541765222813,2.2224592488805968,0.008532790113861356,0.08527598779966952,0.3270044897741634,108.79204299285051
1666750483.3728611,1.3321452051057874,2.228766183861694,0.008534381531144667,0.08550718401689966,0.3249239504064416,110.22290738160397
1666750483.4068928,1.3295619959975684,2.2349946479380933,0.008536746082738763,0.08598401608879042,0.3230720261482784,111.70240444161614
1666750483.4409149,1.3267993426446607,2.241164924067069,0.008543645647533219,0.08648735483027051,0.3212813183286786,113.44085666596919
1666750483.4744453,1.323950024120824,2.247329960854974,0.008534136581338178,0.08806767571077144,0.3210065581335727,114.65331883241299
1666750483.5087166,1.3210752233606564,2.253475405241447,0.00853668719966395,0.09083437282055071,0.32319853310462127,114.8972774294755
1666750483.5429022,1.3181258891788388,2.2595689928612877,0.008529959449791968,0.09333897355562436,0.32583286090884295,115.3881396879791
1666750483.577476,1.315081769536643,2.2656246871949905,0.008529500809705005,0.09569502786295359,0.3278517683920955,116.32864291758625
1666750483.6126764,1.3119764916843693,2.27165618944026,0.008528827746473509,0.09826000767092471,0.33012439376775327,117.01382869677184
1666750483.6464033,1.3088051484980556,2.2776255755046235,0.008522207623903578,0.10073572831669377,0.3322755307917235,117.51451627543882
1666750483.6803527,1.3054615705231678,2.283456748276355,0.00853331510602443,0.10282333418360474,0.332413478856832,118.73782020493472
1666750483.7145348,1.3018713548601697,2.2891447150748667,0.008530492442801662,0.1042612559355445,0.32960337769439857,121.13915047341894
1666750483.7492976,1.2980851127588486,2.294727871404595,0.008536657508418073,0.10552176218447888,0.32654959609414413,123.35286511888124
1666750483.7836978,1.294140120700507,2.300190576569847,0.008539251554944373,0.10730545972072734,0.32442416110504796,124.97828501492708
1666750483.8179402,1.2900084251389887,2.3055022757213557,0.0085400033316396,0.10917934308925853,0.3219989391105016,126.85492339399065
1666750483.8524837,1.28568408232637,2.3106676526112935,0.008541454379173294,0.11124865879131494,0.3193477926592373,128.99165354782394
1666750483.8877378,1.2811926930736963,2.3156925776171526,0.00854179922634431,0.1139898182344792,0.31773630973164235,130.92011889230162
1666750483.9234364,1.2765400284254718,2.3205626127175694,0.008544789145870691,0.11733601682809947,0.3172270052492055,132.75887940942917
1666750483.9587088,1.2717206101837693,2.325267095790026,0.00854627669017766,0.12110230294837948,0.3173873972503947,134.7366454266756
1666750483.9930453,1.2667870968266743,2.329623302419059,0.008769198511504806,0.12529564543508057,0.31832961719475683,136.72799789344012
1666750484.027765,1.2615943820920352,2.333474941952461,0.009185431094588779,0.12340572102059427,0.3073182163429439,138.6727078710355
1666750484.0627792,1.258594009605821,2.3338044368397557,0.010782786494037726,0.07699857631770776,0.21889538775593198,140.85398717540082
1666750484.0976121,1.257710043317039,2.3313384171074873,0.012544290970871608,0.04544217795304482,0.09325951505023597,142.99271646219373
1666750484.1315806,1.2574005320593509,2.329294334727445,0.011985887763599753,0.06811556368916273,-0.05818619095019631,145.14921540959483
1666750484.166071,1.2560196298785182,2.328556330745813,0.009632331158473346,0.1348836831562862,-0.23196294898644365,147.30600769078612
1666750484.2004852,1.2547799205433763,2.327672452547864,0.009982269629141217,0.20671045568728297,-0.4234163246082759,149.4825618166766
1666750484.236103,1.2543709139148589,2.3259201508894045,0.010007534395650962,0.20111402998311317,-0.6124211994874847,151.67616734937212
1666750484.2693307,1.2539647568045953,2.324798438397759,0.010178758635382902,0.14208382877459916,-0.8020798689255266,153.86059829981212
1666750484.3045452,1.2535792618812627,2.3244014100578108,0.009979151290199646,0.03735293993894513,-0.9778456456154744,156.04380368661808
1666750484.3391862,1.2528942512002554,2.323855825653884,0.01006325673373752,-0.09156730765613379,-1.1177679481196325,158.23423345226743
1666750484.3729525,1.2523555113186657,2.323273393701936,0.009690264659534093,-0.23168173278234958,-1.2057120771695164,160.4333064419516
1666750484.4065568,1.252457502020349,2.3191376594560187,0.012694575622851291,-0.37771177057898525,-1.2404852990024307,162.63714785163108
1666750484.4417503,1.2530403171179407,2.315275471090612,0.017031006384704107,-0.49200957503424203,-1.2462308991822468,164.8666656736045
1666750484.4758158,1.2537518758634327,2.310988054077338,0.011160201478580198,-0.5403743597458509,-1.2771995735136932,167.09880418621466
1666750484.5079741,1.2457369522662833,2.3116391440723487,0.010122963933139745,-0.5826229076590204,-1.3091853392247923,169.33268976865904
1666750484.540461,1.2467899640658147,2.3092966753631567,0.011341273042910122,-0.601409210244743,-1.4067934072140533,171.5550292117276
1666750484.57403,1.24810890891077,2.3061957338484307,0.011591428026391275,-0.6089587255939004,-1.5755911054557756,173.87674153380544
1666750484.6074479,1.2456322019551322,2.3046831314461302,0.010476351534713994,-0.5681721180898597,-1.7676260381958602,176.20660563502685
1666750484.6411257,1.2450821837686288,2.300319883826621,0.012039914245396716,-0.5142985358082567,-1.9656170505144477,178.54688292924575
1666750484.6752145,1.2461080070029988,2.2966307951853397,0.012926566974685486,-0.4427515002355854,-2.189251249127392,-179.05205489125208
1666750484.7093775,1.245917663487816,2.292482026935525,0.012960500270548585,-0.3345802650540124,-2.4335490914446707,-176.62475159742232
1666750484.744087,1.2445495622800848,2.2884234133440375,0.013307053135785677,-0.17787536508331017,-2.709846548847972,-174.2060637390795
1666750484.7780037,1.2444199130855647,2.284585550126457,0.013704676681662495,0.023768733201023,-3.0139491053365615,-171.79143241142796
1666750484.8119442,1.243963052210927,2.281681413008523,0.013615348777978063,0.25314935751777606,-3.3336745751929784,-169.3535250913251
1666750484.8455982,1.2435190000565703,2.2786498831383,0.013802437902994751,0.4892019223376902,-3.653875295907979,-166.8821395904108
1666750484.880258,1.243497736800787,2.2743768880563255,0.015840117456055285,0.7273396716759105,-3.9568357651000214,-164.39323242767716
1666750484.9150693,1.244333597333964,2.270626188533399,0.015181295738728322,0.9893333317297114,-4.26645652061265,-161.88834742485
